NAME_OF_TOWN,STATE,TYPE,POPULATION
ACHHNERA,UTTAR PRADESH,N.P.,22
ADALAJ,GUJARAT,C.T.,11
ADOOR,KERALA,M,29
ADYAR,KARNATAKA,C.T.,7
ADRA,WEST BENGAL,C.T.,14
AFZALPUR,KARNATAKA,T.P.,27
AKOT,MAHARASHTRA,M.CL.,92
ALIPURDUAR,WEST BENGAL,M,65
ALIRAJPUR,MADHYA PRADESH,M,65
ALMORA,UTTARAKHAND,N.P.P,34
ALUVA,KERALA,M,24
AMALAPURAM,ANDHRA PRADESH,M,53
AMALNER,MAHARASHTRA,M.CL.,95
AMARAVATHI,ANDHRA PRADESH,G.P.,13
AMBEJOGAI,MAHARASHTRA,M.CL.,73
ANAKAPALLE,ANDHRA PRADESH,M,86
ANGUL,ODISHA,M,44
ANJAR,GUJARAT,M,87
ANJANGAON,MAHARASHTRA,M.CL,56
ANKLESHWAR,GUJARAT,M,73
ARAKKONAM,TAMIL NADU,M,78
ARARIA,BIHAR,N.P.,79
ARAMBAGH,WEST BENGAL,M,66
ARSIKERE,KARNATAKA,T.M.C.,51
ARUPPUKKOTTAI,TAMIL NADU,M,87
ARVI,MAHARASHTRA,M.CL,42
ARWAL,BIHAR,N.P.,51
ASARGANJ,BIHAR,C.T.,6
ASHOK NAGAR,MADHYA PRADESH,M,81
ATHNI,KARNATAKA,T.M.C.,45
ATTINGAL,KERALA,M,37
BADRINATH,UTTARAKHAND,N.P,2
BAGESHWAR,UTTARAKHAND,N.P.P,9
BAJPUR,UTTARAKHAND,N.P.P,25
BALAGHAT,MADHYA PRADESH,M,84
BALANGIR,ODISHA,M,98
BANAGANIPALLI,ANDHRA PRADESH,M,30
BAPATLA,ANDHRA PRADESH,M,70
BARAULI,BIHAR,N.P.P.,41
BARBIL,ODISHA,M,66
BARGARH,ODISHA,M,80
BARBIGHA,BIHAR,NP,50
BARKOT,UTTARAKHAND,N.P,6
BARPETA,ASSAM,M.B,42
BELLAMPALLE,TELANGANA,M,55
BELONIA,TRIPURA,M.CL,19
BHABUA,BIHAR,NP,50
BHADRACHALAM,TELANGANA,C.T,50
BHAINSA,TELANGANA,M,49
BHAISEENA,RAJASTHAN,G.P,3
BHATAPARA,CHHATTISGARH,M,57
BHAWANIPATNA,ODISHA,M,69
BHEEMUNIPATNAM,ANDHRA PRADESH,M,52
BHIMTAL,UTTARAKHAND,N.P,7
BHONGIR,TELANGANA,M,53
BHOWALI,UTTARAKHAND,N.P.P,6
BHUSAWAR,RAJASTHAN,M,19
BOBBILI,ANDHRA PRADESH,M,56
BODHAN,TELANGANA,M,77
BONGAIGAON CITY,ASSAM,MB,67
BYASANAGAR,ODISHA,M,48
BAGHA KUSMAR,BIHAR,C.T.,11
CHAIBASA,JHARKHAND,N.P.P,69
CHARKHI DADRI,HARYANA,N.P.P,49
CHATRA,JHARKHAND,M,49
CHALAKUDY,KERALA,M,49
CHAMBA,UTTARAKHAND,N.P,27
CHAMOLI GOPESHWAR,UTTARAKHAND,N.P.P,21
CHAMPAWAT,UTTARAKHAND,N.P,4.801
CHANGANASSERY,KERALA,M,47
CHENGANNUR,KERALA,M,23
COOCH BEHAR,WEST BENGAL,M,79
CHERTHALA,KERALA,M,45
CHHAPRA,GUJARAT,C.T,10
CHIDAMBARAM,TAMIL NADU,T,62
CHIRALA,ANDHRA PRADESH,M,87
CHIRKUNDA,JHARKHAND,NP,45
CHIRMIRI,CHHATTISGARH,M.CORP.,69
DALLI-RAJHARA,CHHATTISGARH,M,44
MEDININAGAR (DALTONGANJ),JHARKHAND,NAGAR PARISHAD,78
DEGANA,RAJASTHAN,M,34
DEVPRAYAG,UTTARAKHAND,N.P,2
DHAMTARI,CHHATTISGARH,M,82
DHARCHULA,UTTARAKHAND,N.P,7
DHARMANAGAR,TRIPURA,M.CL.,30
DHENKANAL,ODISHA,M,67
DHUBRI,ASSAM,M.B,63
DHURI,PUNJAB,M.CL,55
DIDIHAT,UTTARAKHAND,N.P,6
DINESHPUR,UTTARAKHAND,N.P,11
DIPHU,ASSAM,T.C,61
DOGADDA,UTTARAKHAND,N.P.P,2
DOIWALA,UTTARAKHAND,N.P,8
DUMKA,JHARKHAND,N.A.C,47
DUMRAON,BIHAR,N.A.C,53
DWARAHAT,UTTARAKHAND,N.P,2
ELLENABAD,HARYANA,M.C.,32
FARIDKOT,PUNJAB,M.CL,85
FAROOQNAGAR,TELANGANA,C.T.,45
FATEHABAD,HARYANA,M CL,70
FAZILKA,PUNJAB,M.CL,76
FORBESGANJ,BIHAR,M,50
FIROZPUR CANTT.,PUNJAB,C.B,53
FAIZABAD,UTTAR PRADESH,M.B.,32
GADARPUR,UTTARAKHAND,N.P.P,19
GADWAL,TELANGANA,M,96
GANGARAMPUR,WEST BENGAL,M,56
GANGOTRI,UTTARAKHAND,N.P,110
GAVARAVARAM,ANDHRA PRADESH,C.T,10
GOALPARA,ASSAM,M.B,53
GOBICHETTIPALAYAM,TAMIL NADU,M,59
GOBINDGARH,PUNJAB,M.CL.,73
GOCHAR,UTTARAKHAND,N.P,8
GOHANA,HARYANA,M.C,65
GOLAGHAT,ASSAM,M.B,41
GOKAK,KARNATAKA,C.M.C,79
GOOTY,ANDHRA PRADESH,C.T,48
GOPALGANJ,BIHAR,N.P,67
GUDUR,ANDHRA PRADESH,M,60
GUNUPUR,ODISHA,M,60
GUMIA,JHARKHAND,C.T,48
GURDASPUR,PUNJAB,M.CL,75
GURUVAYOOR,KERALA,M,20
HANSI,HARYANA,M.CL,86
HERBERTPUR,UTTARAKHAND,N.P,9
ITARSI,MADHYA PRADESH,M,99
INDORE,MADHYA PRADESH,M,2
JAGGAIAHPET,ANDHRA PRADESH,M,53
JAGRAON,PUNJAB,M.CL,65
JAGTIAL,TELANGANA,M,96
JALANDHAR CANTT.,PUNJAB,C.B,47
JAMMALAMADUGU,ANDHRA PRADESH,NP,46
JAMUI,BIHAR,N.P,87
JANGAON,TELANGANA,M,52
JASPUR,UTTARAKHAND,N.P.P,50
JATANI,ODISHA,M,55
JHABRERA,UTTARAKHAND,N.P,11
JHARGRAM,WEST BENGAL,M,61
JHARSUGUDA,ODISHA,M,97
JHUMRI TILAIYA,JHARKHAND,N.P,87
JORHAT,ASSAM,MB,71
JOSHIMATH,UTTARAKHAND,N.P.P,16
KADI,GUJARAT,M,73
KADIRI,ANDHRA PRADESH,M,89
KAGAZNAGAR,TELANGANA,M,57
KAILASAHAR,TRIPURA,N.P,20
KALADHUNGI,UTTARAKHAND,N.P,7
KALLAKURICHI,TAMIL NADU,M,1
KALIMPONG,WEST BENGAL,M,42
KALPI,UTTAR PRADESH,NPP,51
KAMAREDDY,TELANGANA,M,80
KANIGIRI,ANDHRA PRADESH,M,37
KANDUKUR,ANDHRA PRADESH,M,57
KANHANGAD,KERALA,M,73
KANNUR,KERALA,M,56
KAPADVANJ,GUJARAT,M,49
KARAIKAL,PUDUCHERRY,M,86
KARIMGANJ,ASSAM,M.B,56
KARJAT,MAHARASHTRA,M.CL,29
KARNAPRAYAG,UTTARAKHAND,N.P,8
KARUR,TAMIL NADU,M,70
KASARAGOD,KERALA,M,54
KATHUA,JAMMU AND KASHMIR,M.CL,51
KAVALI,ANDHRA PRADESH,M,82
KAYAMKULAM,KERALA,M,68
KEDARNATH,UTTARAKHAND,N.P,612
KELA KHERA,UTTARAKHAND,N.P,10
KENDRAPARA,ODISHA,M,47
KENDUJHAR,ODISHA,M,60
KESHOD,GUJARAT,M,76
KHAMBHAT,GUJARAT,M,83
KHANDA,HARYANA,M,12
KHARAR,PUNJAB,M.CL,74
KHATIMA,UTTARAKHAND,N.P.P,15
KHOWAI,TRIPURA,M.CL,18
KICHHA,UTTARAKHAND,N.P.P,41
KIRTINAGAR,UTTARAKHAND,N.P,1
KODUNGALLUR,KERALA,M,33
KOHIMA*,NAGALAND,M.C,99
KORATLA,TELANGANA,M,66
KOT KAPURA,PUNJAB,M.CL,91
KOTDWAR,UTTARAKHAND,N.P.P,28
KOTHAGUDEM,TELANGANA,M,79
KOTTAYAM,KERALA,M,55
KOVVUR,ANDHRA PRADESH,M,39
KUNNAMKULAM,KERALA,M,54
KYATHAMPALLE,TELANGANA,C.T,32
KUMARGANJ,UTTAR PRADESH,C.T,
LACHHMANGARH,RAJASTHAN,M,53
LADNU,RAJASTHAN,M,65
LADWA,HARYANA,M.C,28
LAHAR,MADHYA PRADESH,N.P,35
LAHARPUR,UTTAR PRADESH,N.P.P,61
LAKHERI,RAJASTHAN,M,29
LAKHISARAI,BIHAR,N.P,99
LAKSAR,UTTARAKHAND,N.P,21
LAKSHMESHWAR,KARNATAKA,T.M.C,36
LAL GOPALGANJ NINDAURA,UTTAR PRADESH,N.P,28
LALGANJ,BIHAR,N.A.C,37000
LALGUDI,TAMIL NADU,T.P,23
LALGANJ,UTTAR PRADESH,N.P,21
LALKUAN,UTTARAKHAND,N.P,7
LALSOT,RAJASTHAN,M,34
LANDHAURA,UTTARAKHAND,N.P,18
LANKA,ASSAM,M.B,36
LAR,UTTAR PRADESH,N.P,28
LATHI,GUJARAT,M,21
LILONG,MANIPUR,N.P,22
LIMBDI,GUJARAT,M,42
LINGSUGUR,KARNATAKA,T.M.C,35
LOHA,MAHARASHTRA,M.CL,20
LOHAGHAT,UTTARAKHAND,N.P,7
LOHARDAGA,JHARKHAND,M.CL,24
LONAR,MAHARASHTRA,M.CL,23
LONAVLA,MAHARASHTRA,M.CL,57
LONGOWAL,PUNJAB,M.CL,23
LOSAL,RAJASTHAN,M,28
LUMDING,ASSAM,M.B,31
LUNAWADA,GUJARAT,M,36
LUNGLEI,MIZORAM,N.T,57
MACHERLA,ANDHRA PRADESH,M,49
MADDUR,KARNATAKA,T.M.C,26
MADHEPURA,BIHAR,M,45
MADHUBANI,BIHAR,M,66
MADHUGIRI,KARNATAKA,T.M.C,26
MADHUPUR,JHARKHAND,M,47
MADIKERI,KARNATAKA,T.M.C,32
MAGADI,KARNATAKA,T.M.C,25
MAHAD,MAHARASHTRA,M.CL,24
MAHALINGAPURA,KARNATAKA,T.M.C,30
MAHARAJGANJ,BIHAR,N.A,20
MAHARAJPUR,MADHYA PRADESH,NP,21
MAHASAMUND,CHHATTISGARH,M,85650
MAHE,PUDUCHERRY,M,36
MANENDRAGARH,CHHATTISGARH,M,30
MAHENDRAGARH,HARYANA,M.C,24
MAHNAR BAZAR,BIHAR,M,37
MAHUA DABRA HARIPURA,UTTARAKHAND,N.P,7
MAHUA KHERAGANJ,UTTARAKHAND,N.P,12
MAIHAR,MADHYA PRADESH,M,34
MAINAGURI,WEST BENGAL,C.T,27
MAKHDUMPUR,BIHAR,N.A,30
MAKRANA,RAJASTHAN,UA,91
MALDA,WEST BENGAL,M,23
MALAJ KHAND,MADHYA PRADESH,M,32
MALAVALLI,KARNATAKA,T.M.C,35
MALKANGIRI,ODISHA,N.A.C,23
MALKAPUR,MAHARASHTRA,M.CL,61
MALOUT,PUNJAB,M.CL,70
MALPURA,RAJASTHAN,UA,27
MALUR,KARNATAKA,T.M.C,27
MANACHANALLUR,TAMIL NADU,T.P,25
MANASA,MADHYA PRADESH,N.P,22
MANAVADAR,GUJARAT,M,27
MANAWAR,MADHYA PRADESH,M,25
MANDALGARH,RAJASTHAN,M,20
MANDAMARRI,TELANGANA,M,66
MANDAPETA,ANDHRA PRADESH,M,47
MANDAWA,RAJASTHAN,M,20
MANDI DABWALI,HARYANA,M.C,53
MANDIDEEP,MADHYA PRADESH,M,59654
MANDLA,MADHYA PRADESH,UA,60
MANDVI,GUJARAT,M,42
MANER SHARIF,BIHAR,N.A,30
MANGALDOI,ASSAM,M.B,23
MANGALVEDHE,MAHARASHTRA,M.CL,21
MANGLAUR,UTTARAKHAND,N.P.P.,52
MANGROL,GUJARAT,UA,56
MANGROL,RAJASTHAN,M,21
MANGRULPIR,MAHARASHTRA,M.CL,27
MANIHARI,BIHAR,N.A,21
MANJLEGAON,MAHARASHTRA,M.CL,44
MANKACHAR,ASSAM,C.T,28
MANMAD,MAHARASHTRA,M.CL,72
MANSA,PUNJAB,M.CL,72
MANSA,GUJARAT,M,27
MANUGURU,TELANGANA,C.T,32
MANVI,KARNATAKA,T.M.C,37
MANWATH,MAHARASHTRA,M.CL,29
MAPUSA,GOA,M.CL,40
MARGAO,GOA,UA,94
MARGHERITA,ASSAM,C.T,24
MARHAURA,BIHAR,N.A,24
MARIANI,ASSAM,T.C,20
MARIGAON,ASSAM,T.C,20
MARKAPUR,ANDHRA PRADESH,M,58
MASAURHI,BIHAR,N.PD,63
MATHABHANGA,WEST BENGAL,M,21
MATTANNUR,KERALA,M,44
MAUGANJ,MADHYA PRADESH,N.P,23
MAVELIKKARA,KERALA,M,28
MAVOOR,KERALA,C.T,27
MAYANG IMPHAL,MANIPUR,N.P,20
MEDAK,TELANGANA,N.P,41
MEDINIPUR,WEST BENGAL,M,149
MEHKAR,MAHARASHTRA,M.CL,37
MAHEMDABAD,GUJARAT,M,30
MEMARI,WEST BENGAL,M,36
MERTA CITY,RAJASTHAN,M,40
MHASWAD,MAHARASHTRA,M.CL,20
MHOW CANTONMENT,MADHYA PRADESH,UA,92
MHOWGAON,MADHYA PRADESH,N.P,20
MIHIJAM,JHARKHAND,N.A,33
MIRGANJ,BIHAR,N.A,23
MIRYALAGUDA,TELANGANA,UA,91
MODASA,GUJARAT,M,54
MOKAMEH,BIHAR,M,56
MOKOKCHUNG,NAGALAND,T.C,31
MONOHARPUR,WEST BENGAL,C.T,20
MORSHI,MAHARASHTRA,M.CL,33
MOTIPUR,BIHAR,N.A,21
MOUNT ABU,RAJASTHAN,M,22
MUDALAGI,KARNATAKA,T.M.C,29
MUDABIDRI,KARNATAKA,T.M.C,25
MUDDEBIHAL,KARNATAKA,T.M.C,28
MUDHOL,KARNATAKA,T.M.C,42
MUKERIAN,PUNJAB,M.CL,21
MUKHED,MAHARASHTRA,M.CL,25
MUKTSAR,PUNJAB,M.CL,83
MUL,MAHARASHTRA,M.CL,22
MULBAGAL,KARNATAKA,T.M.C,44
MULTAI,MADHYA PRADESH,N.P,21
MUNDI,MADHYA PRADESH,N.P,30
MUNDARGI,KARNATAKA,T.P,20
MUNGELI,CHHATTISGARH,UA,31
MUNI KI RETI,UTTARAKHAND,N.P,10
MURLIGANJ,BIHAR,N.A,22
MURSHIDABAD,WEST BENGAL,M,36
MURTIJAPUR,MAHARASHTRA,M.CL,38
MUSABANI,JHARKHAND,C.T,33
MUSSOORIE,UTTARAKHAND,N.P.P,30
MUVATTUPUZHA,KERALA,M,29
NABARANGAPUR,ODISHA,M,29
NABHA,PUNJAB,M.CL,67
NADBAI,RAJASTHAN,M,26
NAGAR,RAJASTHAN,M,25
NAGARI,ANDHRA PRADESH,M,62
NAGARKURNOOL,TELANGANA,C.T,26
NAGINA,UTTAR PRADESH,N.P.P,95
NAGLA,UTTARAKHAND,C.T,22
NAHAN,HIMACHAL PRADESH,M.CL,28
NAHARLAGUN,ARUNACHAL PRADESH,N.T,36
NAIDUPET,ANDHRA PRADESH,M,65
NAILA JANJGIR,CHHATTISGARH,M,40
NAINITAL,UTTARAKHAND,N.P.P,41
NAINPUR,MADHYA PRADESH,M,22
NAJIBABAD,UTTAR PRADESH,M.B,88
NAKODAR,PUNJAB,M.CL,36
NAKUR,UTTAR PRADESH,N.P.P,22
NALBARI,ASSAM,M.B,27
NAMAGIRIPETTAI,TAMIL NADU,T.P,21
NAMAKKAL,TAMIL NADU,M,55
NANDAPRAYAG,UTTARAKHAND,N.P,1
NANDGAON,MAHARASHTRA,N.P,11
NANDIVARAM-GUDUVANCHERI,TAMIL NADU,T.P,44
NANDURA,MAHARASHTRA,M.CL,42
NANGAL,PUNJAB,M.CL,41
NANJANGUD,KARNATAKA,T.M.C,50
NANJIKOTTAI,TAMIL NADU,C.T,32
NANPARA,UTTAR PRADESH,N.P.P,48
NARASAPURAM,ANDHRA PRADESH,M,58
NARAURA,UTTAR PRADESH,N.P,22
NARAYANPET,TELANGANA,N.P,41
NARENDRANAGAR,UTTARAKHAND,N.P.P,6
NARGUND,KARNATAKA,T.M.C,36
NARKATIAGANJ,BIHAR,N.PD,49
NARKHED,MAHARASHTRA,M.CL,21
NARNAUL,HARYANA,M.CL,74
NARSINGHGARH,MADHYA PRADESH,C.T,6
NARSINGHGARH,MADHYA PRADESH,M,32
NARSIPATNAM,ANDHRA PRADESH,C.T,33
NARWANA,HARYANA,M.CL,62
NASIRABAD,RAJASTHAN,C.B,50
NATHAM,TAMIL NADU,T.P,23
NATHDWARA,RAJASTHAN,M,42
NAUGACHHIA,BIHAR,N.P,49
NAUGAWAN SADAT,UTTAR PRADESH,N.P,32
NAURA,PUNJAB,,7
NAUTANWA,UTTAR PRADESH,N.P.P,33
NAVALGUND,KARNATAKA,T.M.C,24
NAWABGANJ,UTTAR PRADESH,N.P.P,39
NAWADA,BIHAR,N.PD,98
NAWANSHAHR,PUNJAB,M.CL,46
NAWAPUR,MAHARASHTRA,M.CL,34
NEDUMANGAD,KERALA,M,60
NEDUMBASSERY,KERALA,G.P,28
NEEM-KA-THANA,RAJASTHAN,M,36
NEHTAUR,UTTAR PRADESH,N.P.P,47
NELAMANGALA,KARNATAKA,T.M.C,37
NELLIKUPPAM,TAMIL NADU,M,46
NEPANAGAR,MADHYA PRADESH,M,29
NEYYATTINKARA,KERALA,M,70
NIDADAVOLE,ANDHRA PRADESH,M,43
NILANGA,MAHARASHTRA,M.CL,36
NILAMBUR,KERALA,C.T,46
NIMBAHERA,RAJASTHAN,M,61
NIRMAL,TELANGANA,M,88
NIWARI,MADHYA PRADESH,N.P,23
NIWAI,RAJASTHAN,N.P,9
NOHAR,RAJASTHAN,M,49
NOKHA,BIHAR,N.P,27
NOKHA,RAJASTHAN,M,62
NONGSTOIN,MEGHALAYA,T.C,28
NOORPUR,UTTAR PRADESH,N.P.P,38
NORTH LAKHIMPUR,ASSAM,M.B,59
NOWGONG,MADHYA PRADESH,M,40
NOWROZABAD (KHODARGAMA),MADHYA PRADESH,N.P,21
NUZVID,ANDHRA PRADESH,M,58
O' VALLEY,TAMIL NADU,T.P,21
ODDANCHATRAM,TAMIL NADU,T.P,30
OBRA,UTTAR PRADESH,N.P,14
OTTAPPALAM,KERALA,M,53
OZAR,MAHARASHTRA,C.T,51
OWK,ANDHRA PRADESH,C.T,16
P.N.PATTI,TAMIL NADU,T.P,23
PALAMPUR,HIMACHAL PRADESH,T.P,23
PACHORA,MAHARASHTRA,M.CL,45
PACHORE,MADHYA PRADESH,N.P,20
PACODE,TAMIL NADU,T.P,22
PADMANABHAPURAM,TAMIL NADU,M,20
PADRA,GUJARAT,UA,39
PADRAUNA,UTTAR PRADESH,M.B,44
PAITHAN,MAHARASHTRA,M.CL,34
PAKAUR,JHARKHAND,M,36
PALAI,KERALA,M,22
PALANI,TAMIL NADU,M,67
PALASA KASIBUGGA,ANDHRA PRADESH,N.P,49
PALGHAR,MAHARASHTRA,M.CL,52
PALI,RAJASTHAN,M,20
PALIA KALAN,UTTAR PRADESH,M.B,35
PALITANA,GUJARAT,M,51
PALLADAM,TAMIL NADU,T.P,30
PALLAPATTI,TAMIL NADU,C.T,24
PALLIKONDA,TAMIL NADU,T.P,20
PALWANCHA,TELANGANA,M,69
PANAGAR,MADHYA PRADESH,M,25
PANAGUDI,TAMIL NADU,T.P,25
PANAJI*,GOA,UA,99
PANAMATTOM,KERALA,N.A,10
PANCHLA,WEST BENGAL,C.T,22
PANDHARKAODA,MAHARASHTRA,M.CL,26
PANDHARPUR,MAHARASHTRA,M.CL,91
PANDHURNA,MADHYA PRADESH,M,40
PANDUA,WEST BENGAL,C.T,27
PANNA,MADHYA PRADESH,UA,52
PANNIYANNUR,KERALA,C.T,20
PANRUTI,TAMIL NADU,M,55
PAPPINISSERI,KERALA,C.T,33
PARADIP,ODISHA,N.A.C,73
PARAMAKUDI,TAMIL NADU,M,84
PARANGIPETTAI,TAMIL NADU,T.P,20
PARASI,UTTAR PRADESH,C.T,21
PARAVOOR,KERALA,M,38
PARDI,GUJARAT,M,25
PARLAKHEMUNDI,ODISHA,M,43
PARLI,MAHARASHTRA,M.CL,88
PARTUR,MAHARASHTRA,M.CL,29
PARVATHIPURAM,ANDHRA PRADESH,M,49
PASAN,MADHYA PRADESH,M,29
PASCHIM PUNROPARA,WEST BENGAL,C.T,31
PASIGHAT,ARUNACHAL PRADESH,C.T,21
PATHANAMTHITTA,KERALA,M,38
PATHARDI,MAHARASHTRA,M.CL,22
PATHRI,MAHARASHTRA,M.CL,32
PATTRAN,PUNJAB,N.P,22
PATRATU,JHARKHAND,C.T,32
PATTAMUNDAI,ODISHA,M,37
PATTI,PUNJAB,M.CL,34
PATTUKKOTTAI,TAMIL NADU,M,65
PATUR,MAHARASHTRA,M.CL,20
PAUNI,MAHARASHTRA,M.CL,22
PAURI,UTTARAKHAND,N.P.P,25
PAVAGADA,KARNATAKA,T.P,28
PEDANA,ANDHRA PRADESH,N.P,29
PEDDAPURAM,ANDHRA PRADESH,M,45
PEHOWA,HARYANA,M.C,33
PEN,MAHARASHTRA,M.CL,30
PERAMBALUR,TAMIL NADU,T.P,37
PERAVURANI,TAMIL NADU,T.P,21
PERINGATHUR,KERALA,C.T,37
PERINTHALMANNA,KERALA,M,44
PERIYAKULAM,TAMIL NADU,M,42
PERIYASEMUR,TAMIL NADU,T.P,32
PERNAMPATTU,TAMIL NADU,T.P,41
PERUMBAVOOR,KERALA,M,26
PETLAD,GUJARAT,M,51
PHALODI,RAJASTHAN,UA,44
PHALTAN,MAHARASHTRA,M.CL,50
PHAGWARA,PUNJAB,M.CORP,1
PHILLAUR,PUNJAB,M.CL,22
PHULABANI,ODISHA,N.A.C,33
PHULERA,RAJASTHAN,M,21
PHULPUR,UTTAR PRADESH,N.P,20
PIHANI,UTTAR PRADESH,M.B,27
PILANI,RAJASTHAN,UA,40
PILIBANGA,RAJASTHAN,M,33
PILKHUWA,UTTAR PRADESH,M.B,66
PINDWARA,RAJASTHAN,M,20
PIPAR CITY,RAJASTHAN,M,32
PIRO,BIHAR,N.A,25
PIRIYAPATNA,KARNATAKA,CT,14
PITHAMPUR,MADHYA PRADESH,N.P,68
PITHAPURAM,ANDHRA PRADESH,M,50
PITHORAGARH,UTTARAKHAND,N.P.P,56
POLUR,TAMIL NADU,T.P,25
PONNANI,KERALA,M,87
PONNERI,TAMIL NADU,T.P,24
PONNUR,ANDHRA PRADESH,M,57
PORSA,MADHYA PRADESH,M,33
PORT BLAIR*,ANDAMAN AND NICOBAR ISLANDS,M.CL,99
POWAYAN,UTTAR PRADESH,N.P,23
PRANTIJ,RAJASTHAN,M,22
PRATAPGARH,RAJASTHAN,M,35
PRATAPGARH,TRIPURA,C.T,26
PRITHVIPUR,MADHYA PRADESH,N.P,22
PUDUPATTINAM,TAMIL NADU,C.T,20
PUKHRAYAN,UTTAR PRADESH,M.B,20
PULGAON,MAHARASHTRA,M.CL,36
PULIYANKUDI,TAMIL NADU,M,33
PUNALUR,KERALA,M,47
POONCH,JAMMU AND KASHMIR,M.B,40
PUNJAIPUGALUR,TAMIL NADU,T.P,20
PUNGANUR,ANDHRA PRADESH,N.P,44
PURANPUR,UTTAR PRADESH,M.B,37
PURNA,MAHARASHTRA,M.CL,33
PURQUAZI,UTTAR PRADESH,UA,23
PURWA,UTTAR PRADESH,N.P,21
PUSAD,MAHARASHTRA,M.CL,67
PUTTUR,KARNATAKA,T.M.C,48
PUTHUPPALLY,KERALA,M,18
PUTTUR,ANDHRA PRADESH,C.T,29
QADIAN,PUNJAB,M.CL.,21
KOYILANDY,KERALA,M,71
RABKAVI BANHATTI,KARNATAKA,CMC,70
RADHANPUR,GUJARAT,M,32
RAFIGANJ,BIHAR,N.A,24
RAGHOGARH-VIJAYPUR,MADHYA PRADESH,M,49
RAGHUNATHPUR,WEST BENGAL,M,21
RAHATGARH,MADHYA PRADESH,N.P,25
RAHURI,MAHARASHTRA,M.CL,34
RAIKOT,PUNJAB,M.CL,24
RAIRANGPUR,ODISHA,N.A.C,21
RAISEN,MADHYA PRADESH,M,35
RAISINGHNAGAR,RAJASTHAN,M,27
RAJAGANGAPUR,ODISHA,M,43
RAJAKHERA,RAJASTHAN,M,28
RAJALDESAR,RAJASTHAN,M,22
RAJAM,ANDHRA PRADESH,C.T,23
RAJAURI,JAMMU AND KASHMIR,N.A.C,41
RAJESULTANPUR,UTTAR PRADESH,N.P,28
RAJGARH (ALWAR),RAJASTHAN,M,25
RAJGARH (CHURU),RAJASTHAN,UA,51
RAJGARH,MADHYA PRADESH,N.P,23
RAJGIR,BIHAR,N.A,33
RAJPIPLA,GUJARAT,M,34
RAJPURA,PUNJAB,M.CL,82
RAJSAMAND,RAJASTHAN,M,55
RAJULA,GUJARAT,M,32
RAJURA,MAHARASHTRA,M.CL,25
RAMACHANDRAPURAM,ANDHRA PRADESH,M,41
RAMNAGAR,UTTARAKHAND,N.P.P,54
RAMANAGARAM,KARNATAKA,CMC,79
RAMANATHAPURAM,TAMIL NADU,M,62
RAMDURG,KARNATAKA,UA,36
RAMESHWARAM,TAMIL NADU,T.P,37
RAMGANJ MANDI,RAJASTHAN,M,30
RAMNGARH,RAJASTHAN,M,28
RAMNAGAR,BIHAR,N.A,38
RAMNAGAR,UTTARAKHAND,M.B,46
RAMPUR MANIHARAN,UTTAR PRADESH,N.P,24
RAMPURA PHUL,PUNJAB,UA,44
RAMPURHAT,WEST BENGAL,M,50
RAMTEK,MAHARASHTRA,M.CL,22
RANAVAV,GUJARAT,UA,29
RANGIYA,ASSAM,M.B,25
RANIA,HARYANA,M.C,20
RANIBENNUR,KARNATAKA,CMC,89
RAPAR,GUJARAT,M,23
RASIPURAM,TAMIL NADU,M,46
RASRA,UTTAR PRADESH,M.B,29
RATANGARH,RAJASTHAN,M,63
RATH,UTTAR PRADESH,M.B,55
RATIA,HARYANA,M.C,23
RATNAGIRI,MAHARASHTRA,M.CL,70
RAU,MADHYA PRADESH,N.P,20
RAVER,MAHARASHTRA,M.CL,25
RAWATBHATA,RAJASTHAN,M,34
RAWATSAR,RAJASTHAN,M,28
RAXAUL BAZAR,BIHAR,M,41
RAYACHOTI,ANDHRA PRADESH,C.T,72
RAYADURG,ANDHRA PRADESH,M,54
RAYAGADA,ODISHA,M,57
REENGUS,RAJASTHAN,M,22
REHLI,MADHYA PRADESH,M,25
RENIGUNTA,ANDHRA PRADESH,C.T,23
RENUKOOT,UTTAR PRADESH,UA,66
REOTI,UTTAR PRADESH,N.P,22
REPALLE,ANDHRA PRADESH,M,42
REVELGANJ,BIHAR,M,34
RISHIKESH,UTTARAKHAND,UA,78
RISOD,MAHARASHTRA,M.CL,27
ROBERTSGANJ,UTTAR PRADESH,M.B,32
RON,KARNATAKA,T.P,21
ROSERA,BIHAR,M,27
RUDAULI,UTTAR PRADESH,M.B,36
RUDRAPRAYAG,UTTARAKHAND,N.P.P,9
RUDRAPUR,UTTAR PRADESH,N.P,26
RUPNAGAR,PUNJAB,M.CL,49
SABALGARH,MADHYA PRADESH,UA,34
SADABAD,UTTAR PRADESH,N.P,31
SADASIVPET,TELANGANA,M,36
SADRI,RAJASTHAN,M,24
SADULSHAHAR,RAJASTHAN,M,22
SAFIDON,HARYANA,M.C,27
SAFIPUR,UTTAR PRADESH,N.P,22
SAGARA,KARNATAKA,T.M.C,50
SAGWARA,RAJASTHAN,M,31
SAHASPUR,UTTAR PRADESH,N.P,22
SAHASWAN,UTTAR PRADESH,M.B,58
SAHAWAR,UTTAR PRADESH,N.P,20
SAHIBGANJ,JHARKHAND,M,80
SAHJANWA,UTTAR PRADESH,N.P,25
SAIDPUR,UTTAR PRADESH,N.P,21
SAIHA,MIZORAM,N.T,19
SAILU,MAHARASHTRA,M.CL,39
SAINTHIA,WEST BENGAL,M,44
SAKALESHAPURA,KARNATAKA,T.M.C,23
SAKTI,CHHATTISGARH,N.P,20
SALAYA,GUJARAT,M,26
SALUR,ANDHRA PRADESH,M,48
SAMALKHA,HARYANA,M.C,29
SAMALKOT,ANDHRA PRADESH,M,53
SAMANA,PUNJAB,M.CL,46
SAMASTIPUR,BIHAR,UA,61
SAMBHAR,RAJASTHAN,M,22
SAMDHAN,UTTAR PRADESH,N.P,25
SAMTHAR,UTTAR PRADESH,M.B,20
SANAND,GUJARAT,M,32
SANAWAD,MADHYA PRADESH,M,34
SANCHORE,RAJASTHAN,M,25
SANIVARAPUPETA,ANDHRA PRADESH,C.T,8
SARSOD,HARYANA,G.P,4
SINDAGI,KARNATAKA,T.M.C.,23
SANDI,UTTAR PRADESH,M.B,23
SANDILA,UTTAR PRADESH,M.B,48
SANDURU,KARNATAKA,T.P,27
SANGAMNER,MAHARASHTRA,M.CL,61
SANGAREDDY,TELANGANA,M,57
SANGARIA,RAJASTHAN,M,34
SANGOLE,MAHARASHTRA,M.CL,28
SANGRUR,PUNJAB,M.CL,77
SANKARANKOVIL,TAMIL NADU,M,70
SANKARI,TAMIL NADU,T.P,27
SANKESHWARA,KARNATAKA,T.M.C,32
SARANGPUR,MADHYA PRADESH,M,32
SARDARSHAHAR,RAJASTHAN,M,81
SARDHANA,UTTAR PRADESH,M.B,48
SARNI,MADHYA PRADESH,M,95
SARSAWA,UTTAR PRADESH,M.CL,18
SASVAD,MAHARASHTRA,M.CL,26
SATANA,MAHARASHTRA,M.CL,32
SATHYAMANGALAM,TAMIL NADU,M,33
SATRAMPADU,ANDHRA PRADESH,C.T.,6
SATTENAPALLE,ANDHRA PRADESH,M,51
SATTUR,TAMIL NADU,M,31
SAUNDA,JHARKHAND,C.T,85
SAUNDATTI-YELLAMMA,KARNATAKA,T.M.C,38
SAUSAR,MADHYA PRADESH,N.P,24
SAVARKUNDLA,GUJARAT,M,73
SAVANUR,KARNATAKA,T.M.C,35
SAVNER,MAHARASHTRA,M.CL,26
SAWANTWADI,MAHARASHTRA,M.CL,22
SEDAM,KARNATAKA,T.M.C,31
SEHORE,MADHYA PRADESH,UA,92
SENDHWA,MADHYA PRADESH,M,48
SEOHARA,UTTAR PRADESH,UA,47
SEONI,MADHYA PRADESH,M,89
SEONI-MALWA,MADHYA PRADESH,M,26
SHAHABAD,KARNATAKA,UA,66
SHAHABAD, HARDOI,UTTAR PRADESH,M.B
SHAHABAD, RAMPUR,UTTAR PRADESH,N.P
SHAHADE,MAHARASHTRA,M.CL,49
SHAHBAD,HARYANA,M.C,37
SHAHDOL,MADHYA PRADESH,M,78
SHAHGANJ,UTTAR PRADESH,M.B,24
SHAHPUR,KARNATAKA,T.M.C,38
SHAHPURA,RAJASTHAN,M,28
SHAHPURA,RAJASTHAN,M,27
SHAJAPUR,MADHYA PRADESH,UA,57
SHAKTIGARH,UTTARAKHAND,N.P,6
SHAMGARH,MADHYA PRADESH,N.P,21
SHAMLI,UTTAR PRADESH,M.B,90
SHAMSABAD, AGRA,UTTAR PRADESH,M.B
SHAMSABAD, FARRUKHABAD,UTTAR PRADESH,N.P
SHEGAON,MAHARASHTRA,M.CL,52
SHEIKHPURA,BIHAR,M,43
SHENDURJANA,MAHARASHTRA,M.CL,21
SHENKOTTAI,TAMIL NADU,M,26
SHEOGANJ,RAJASTHAN,M,24
SHEOHAR,BIHAR,N.A,21
SHEOPUR,MADHYA PRADESH,UA,58
SHERGHATI,BIHAR,N.A,32
SHERKOT,UTTAR PRADESH,M.B,52
SHIGGAON,KARNATAKA,T.P,24
SHIKARIPUR,KARNATAKA,T.M.C,31
SHIKARPUR, BULANDSHAHR,UTTAR PRADESH,M.B
SHIKOHABAD,UTTAR PRADESH,M.B,88
SHIRDI,MAHARASHTRA,M.CL,26
SHIRPUR-WARWADE,MAHARASHTRA,M.CL,61
SHIRUR,MAHARASHTRA,M.CL,26
SHISHGARH,UTTAR PRADESH,N.P,20
SHOLAVANDAN,TAMIL NADU,T.P,21
SHOLINGUR,TAMIL NADU,T.P,26
SHORANUR,KERALA,M,42
SURAPURA,KARNATAKA,T.M.C,43
SHRIGONDA,MAHARASHTRA,M.CL,26
SHRIRAMPUR,MAHARASHTRA,UA,88
SHRIRANGAPATTANA,KARNATAKA,T.M.C,23
SHUJALPUR,MADHYA PRADESH,M,42
SIANA,UTTAR PRADESH,M.B,38
SIBSAGAR,ASSAM,M.B,53
SIDDIPET,TELANGANA,M,61
SIDHI,MADHYA PRADESH,M,45
SIDHPUR,GUJARAT,UA,58
SIDLAGHATTA,KARNATAKA,T.M.C,41
SIHOR,GUJARAT,M,46
SIHORA,MADHYA PRADESH,M,37
SIKANDERPUR,UTTAR PRADESH,N.P,21
SIKANDRA RAO,UTTAR PRADESH,M.B,37
SIKANDRABAD,UTTAR PRADESH,M.B,69
SILAO,BIHAR,N.A,20
SILAPATHAR,ASSAM,T.C,22
SILLOD,MAHARASHTRA,M.CL,43
SILVASSA*,DADRA AND NAGAR HAVELI,C.T,21
SIMDEGA,JHARKHAND,N.A,33
SINDHAGI,KARNATAKA,T.M.C,27
SINDHNUR,KARNATAKA,T.M.C,61
SINNAR,MAHARASHTRA,M.CL,31
SIRA,KARNATAKA,T.M.C,50
SIRCILLA,TELANGANA,M,65
SIRHIND FATEHGARH SAHIB,PUNJAB,M.CL,49
SIRKALI,TAMIL NADU,M,32
SIROHI,RAJASTHAN,M,35
SIRONJ,MADHYA PRADESH,M,42
SIRSAGANJ,UTTAR PRADESH,UA,28
SIRSI,KARNATAKA,UA,65
SIRSI,UTTAR PRADESH,N.P,21
SIRUGUPPA,KARNATAKA,T.P,42
SITAMARHI,BIHAR,UA,87
SITARGANJ,UTTARAKHAND,N.P.P,29
SIVAGANGA,TAMIL NADU,UA,40
SIVAGIRI,TAMIL NADU,T.P,20
SOHAGPUR,MADHYA PRADESH,N.P,22
SOHNA,HARYANA,M.C,27
SOJAT,RAJASTHAN,M,38
SOLAN,HIMACHAL PRADESH,M.CL,34
SONAMUKHI,WEST BENGAL,M,27
SONEPUR,BIHAR,N.A,33
SONGADH,GUJARAT,M,22
SOPORE,JAMMU AND KASHMIR,UA,66
SORO,ODISHA,N.A.C,27
SORON,UTTAR PRADESH,M.B,26
SOYAGAON,MAHARASHTRA,C.T,21
SRI MADHOPUR,RAJASTHAN,M,51
SRIKALAHASTI,ANDHRA PRADESH,M,70
SRINIVASPUR,KARNATAKA,T.P,22
SRISAILAM (RFC) TOWNSHIP,ANDHRA PRADESH,C.T,23
SRIRAMPORE,WEST BENGAL,,19
SRIVILLIPUTHUR,TAMIL NADU,M,73
SUAR,UTTAR PRADESH,M.B,26
SUGAULI,BIHAR,N.A,31
SUJANGARH,RAJASTHAN,M,83
SUJANPUR,PUNJAB,M.CL,21
SULTANGANJ,BIHAR,N.A,41
SULTANPUR,UTTARAKHAND,N.P,9
SULLURPETA,ANDHRA PRADESH,M,75
SUMERPUR,RAJASTHAN,M,31
SUMERPUR,UTTAR PRADESH,N.P,24
SUNABEDA,ODISHA,N.A.C,58
SUNAM,PUNJAB,UA,56
SUNDARGARH,ODISHA,M,38
SUNDARNAGAR,HIMACHAL PRADESH,M.CL,23
SUPAUL,BIHAR,M,54
SURANDAI,TAMIL NADU,T.P,28
SURATGARH,RAJASTHAN,M,58
SURI,WEST BENGAL,M,61
SURIYAMPALAYAM,TAMIL NADU,T.P,21
TAKHATGARH,RAJASTHAN,M,16
TAKI,WEST BENGAL,M,38
TALAJA,GUJARAT,M,27
TALCHER,ODISHA,M,40
TALEGAON DABHADE,MAHARASHTRA,M.CL,56
TALIPARAMBA,KERALA,M,72
TALODE,MAHARASHTRA,M.CL,26
TALWARA,PUNJAB,C.T,19
TAMLUK,WEST BENGAL,M,65
TANAKPUR,UTTARAKHAND,N.P.P,17
TANDA,UTTAR PRADESH,M.B,95
TANDUR,TELANGANA,M,65
TANUKU,ANDHRA PRADESH,M,72
TARAKESWAR,WEST BENGAL,M,30
TARANA,MADHYA PRADESH,N.P,24
TARANAGAR,RAJASTHAN,M,32
TARAORI,HARYANA,M.C.,25
TARBHA,ODISHA,N.A.C.,8
TARIKERE,KARNATAKA,T.M.C.,35
TARN TARAN,PUNJAB,M.CL,66
TASGAON,MAHARASHTRA,M.CL,37
TEHRI,UTTARAKHAND,N.P.P.,24
TEKKALAKOTE,KARNATAKA,T.P.,26
TENKASI,TAMIL NADU,M,70
TENU DAM-CUM-KATHHARA,JHARKHAND,C.T.,22
TERDAL,KARNATAKA,T.M.C.,26
TEZPUR,ASSAM,M.B.,58
THAKURDWARA,UTTAR PRADESH,N.P.P.,44
THAMMAMPATTI,TAMIL NADU,T.P.,21
THANA BHAWAN,UTTAR PRADESH,N.P.,36
THANGADH,GUJARAT,M,42
THARAD,GUJARAT,M,27
THARAMANGALAM,TAMIL NADU,T.P,30
THARANGAMBADI,TAMIL NADU,T.P,23
THENI ALLINAGARAM,TAMIL NADU,M,94
THIRUMANGALAM,TAMIL NADU,M,51
THIRUPUVANAM,TAMIL NADU,T.P,14
THIRUTHURAIPOONDI,TAMIL NADU,M,24
THIRUVALLA,KERALA,M,52
THIRUVALLUR,TAMIL NADU,M,56
THIRUVARUR,TAMIL NADU,M,58
THODUPUZHA,KERALA,M,52
THOUBAL,MANIPUR,M.CL,45
THRIPPUNITHURA,KERALA,M,61
THRISSUR,KERALA,M,61
THURAIYUR,TAMIL NADU,M,32
TIKAMGARH,MADHYA PRADESH,M,79
TILDA NEWRA,CHHATTISGARH,M,32
TILHAR,UTTAR PRADESH,N.P.P.,61
TALIKOTA,KARNATAKA,T.M.C.,31
TINDIVANAM,TAMIL NADU,M,72
TINSUKIA,ASSAM,M.B.,99
TIPTUR,KARNATAKA,C.M.C,59
TIRORA,MAHARASHTRA,M.CL,25
TIRUCHENDUR,TAMIL NADU,TP,32
TIRUCHENGODE,TAMIL NADU,M,95
TIRUKALUKUNDRAM,TAMIL NADU,T.P,29
TIRUKKOYILUR,TAMIL NADU,T.P,30
TIRUPATHUR,TAMIL NADU,T.P,25
TIRUPATHUR,TAMIL NADU,M,64
TIRUPPUR,TAMIL NADU,U.A,64
TIRUR,KERALA,M,100
TIRUTTANI,TAMIL NADU,M,44
TIRUVETHIPURAM,TAMIL NADU,M,37
TIRUVURU,ANDHRA PRADESH,M,37
TIRWAGANJ,UTTAR PRADESH,N.P,24
TITLAGARH,ODISHA,NAC,31
TITTAKUDI,TAMIL NADU,T.P,22
TODABHIM,RAJASTHAN,M,22
TODARAISINGH,RAJASTHAN,M,23
TOHANA,HARYANA,M.C,63
TUENSANG,NAGALAND,T.C,36
TULJAPUR,MAHARASHTRA,M.CL,34
TULSIPUR,UTTAR PRADESH,N.P,24
TUMSAR,MAHARASHTRA,M.CL,44
TUNDLA,UTTAR PRADESH,NPP,50
TUNI,ANDHRA PRADESH,M,53
TURA,MEGHALAYA,M,74
THANE,MAHARASHTRA,TNA,11
UCHGAON,MAHARASHTRA,C.T,31
UDAIPUR,TRIPURA,M.CL,32
UDAIPURWATI,RAJASTHAN,M,29
UDHAGAMANDALAM,TAMIL NADU,M,88
UDHAMPUR,JAMMU AND KASHMIR,UA,35
UDUMALAIPETTAI,TAMIL NADU,M,61
UJHANI,UTTAR PRADESH,N.P.P.,62
UMARGA,MAHARASHTRA,M.CL,35
UMARIA,MADHYA PRADESH,M,33
UMARKHED,MAHARASHTRA,M.CL,47
UMBERGAON,GUJARAT,M,27
UMRED,MAHARASHTRA,M.CL,53
UMRETH,GUJARAT,M,33
UNA,GUJARAT,M,58
UNJHA,GUJARAT,M,57
UNNAMALAIKADAI,TAMIL NADU,T.P,23
UPLETA,GUJARAT,M,58
URAN,MAHARASHTRA,M.CL,30
URAN ISLAMPUR,MAHARASHTRA,M.CL,67
URAVAKONDA,ANDHRA PRADESH,C.T,35
URMAR TANDA,PUNJAB,M.CL,23
USILAMPATTI,TAMIL NADU,M,35
UTHAMAPALAYAM,TAMIL NADU,T.P,29
UTHIRAMERUR,TAMIL NADU,T.P,25
UTRAULA,UTTAR PRADESH,N.P.P.,32
UTTARKASHI,UTTARAKHAND,N.P.P.,17
VADGAON KASBA,MAHARASHTRA,M.CL.,25
VADIPATTI,TAMIL NADU,T.P,26
VADNAGAR,GUJARAT,M,27
VAIJAPUR,MAHARASHTRA,M.CL,41
VAIKOM,KERALA,M,23
VALPARAI,TAMIL NADU,M,70
VANDAVASI,TAMIL NADU,M,31
VANIYAMBADI,TAMIL NADU,M,95
VAPI,GUJARAT,I.N.A,34
VARANDARAPPILLY,KERALA,T.P,27
VARKALA,KERALA,M,40
VATAKARA,KERALA,M,75
VEDARANYAM,TAMIL NADU,M,34
VELLAKOIL,TAMIL NADU,M,40
VENKATAGIRI,ANDHRA PRADESH,M,51
VIJAPUR,GUJARAT,M,25
VIJAYPUR,MADHYA PRADESH,N.P.,16
VIJAYAPURA,KARNATAKA,T.M.C.,34
VIKARABAD,TELANGANA,M,53
VIKASNAGAR,UTTARAKHAND,N.P.P.,13
VIKRAMASINGAPURAM,TAMIL NADU,M,47
VILUPPURAM,TAMIL NADU,M,96
VINUKONDA,ANDHRA PRADESH,M,59
VIRAMGAM,GUJARAT,M,55
VIRUDHACHALAM,TAMIL NADU,M,73
VIRUDHUNAGAR,TAMIL NADU,M,72
VISNAGAR,GUJARAT,M,63
VISWANATHAM,TAMIL NADU,C.T,25
VITA,MAHARASHTRA,M.CL,48
VRINDAVAN,UTTAR PRADESH,M.B,63
VYARA,GUJARAT,M,39
